{
  "M1E9_Z_LOW_for_C1": 197,
  "totals": [
    {
      "label": "A1_M1E9_whole",
      "c": 1,
      "j": 9,
      "n_z": 1024,
      "AARV_sum_over_l": 58.59522660037801,
      "AARV_mean_over_downstream_l": 4.185373328598429,
      "n_active_tokens_per_l": [
        0,
        0,
        24338,
        24338,
        24338,
        24338,
        24338,
        24338,
        24338,
        24338,
        24338,
        24338,
        24338,
        24338,
        24338,
        24338
      ],
      "AARV_per_l": [
        0.0,
        0.0,
        0.8543121867039198,
        0.851872586079382,
        1.7970971320568658,
        6.15882570465938,
        5.305864286301257,
        5.636756307009614,
        5.391240036157449,
        6.566449585011093,
        7.247770975429369,
        6.071539362314077,
        5.297384748130495,
        3.3424634316706383,
        2.0105596187032626,
        2.063090640151204
      ]
    },
    {
      "label": "A2_M1E9_z915",
      "c": 1,
      "j": 9,
      "n_z": 1,
      "AARV_sum_over_l": 53.377763168707375,
      "AARV_mean_over_downstream_l": 3.8126973691933834,
      "n_active_tokens_per_l": [
        0,
        0,
        24338,
        24338,
        24338,
        24338,
        24338,
        24338,
        24338,
        24338,
        24338,
        24338,
        24338,
        24338,
        24338,
        24338
      ],
      "AARV_per_l": [
        0.0,
        0.0,
        0.4521273317445969,
        0.400782726600378,
        0.5850932697838771,
        5.742830142164516,
        5.12138425507437,
        5.356936683375791,
        5.2485362396252775,
        6.357270523461254,
        7.067769537349002,
        5.783589448598899,
        4.896894773605062,
        2.882806721998521,
        1.7528145287205195,
        1.7289269866053085
      ]
    },
    {
      "label": "A3_M2E30_whole",
      "c": 2,
      "j": 30,
      "n_z": 1024,
      "AARV_sum_over_l": 7.459217563837129,
      "AARV_mean_over_downstream_l": 0.5737859664490099,
      "n_active_tokens_per_l": [
        0,
        0,
        0,
        17388,
        17388,
        17388,
        17388,
        17388,
        17388,
        17388,
        17388,
        17388,
        17388,
        17388,
        17388,
        17388
      ],
      "AARV_per_l": [
        0.0,
        0.0,
        0.0,
        1.016972912353347,
        0.31025707384403034,
        0.4915243271221532,
        0.28083304577869794,
        0.40970065562456864,
        0.3380276627559236,
        0.2582743846330803,
        0.18440878766965724,
        0.20113008971704624,
        0.2314024039567518,
        0.1660124798711755,
        0.13100270301357259,
        3.4396710374971247
      ]
    },
    {
      "label": "A4_M2E30_z742",
      "c": 2,
      "j": 30,
      "n_z": 1,
      "AARV_sum_over_l": 6.5918593282723705,
      "AARV_mean_over_downstream_l": 0.5070661021747979,
      "n_active_tokens_per_l": [
        0,
        0,
        0,
        17388,
        17388,
        17388,
        17388,
        17388,
        17388,
        17388,
        17388,
        17388,
        17388,
        17388,
        17388,
        17388
      ],
      "AARV_per_l": [
        0.0,
        0.0,
        0.0,
        0.7655063837129055,
        0.11064383482861744,
        0.43233839429491605,
        0.19481107660455488,
        0.2648809523809524,
        0.269719059121233,
        0.21545749942489073,
        0.15342477570738441,
        0.1734817115251898,
        0.2412008281573499,
        0.1411965148378192,
        0.08561220381872556,
        3.543586093857833
      ]
    },
    {
      "label": "A5_M4E14_whole",
      "c": 4,
      "j": 14,
      "n_z": 1024,
      "AARV_sum_over_l": 21.721374002794427,
      "AARV_mean_over_downstream_l": 1.9746703638904028,
      "n_active_tokens_per_l": [
        0,
        0,
        0,
        0,
        0,
        22187,
        22187,
        22187,
        22187,
        22187,
        22187,
        22187,
        22187,
        22187,
        22187,
        22187
      ],
      "AARV_per_l": [
        0.0,
        0.0,
        0.0,
        0.0,
        0.0,
        3.4973633208635686,
        4.343495064677514,
        3.3107168612250417,
        3.1283578221481045,
        2.0677987109568665,
        1.4119416775589309,
        1.3038434668950287,
        0.9230630549420832,
        0.6510794609455988,
        0.6112081399017443,
        0.4725064226799477
      ]
    },
    {
      "label": "A6_M4E14_z391",
      "c": 4,
      "j": 14,
      "n_z": 1,
      "AARV_sum_over_l": 14.196962185063326,
      "AARV_mean_over_downstream_l": 1.290632925914848,
      "n_active_tokens_per_l": [
        0,
        0,
        0,
        0,
        0,
        22187,
        22187,
        22187,
        22187,
        22187,
        22187,
        22187,
        22187,
        22187,
        22187,
        22187
      ],
      "AARV_per_l": [
        0.0,
        0.0,
        0.0,
        0.0,
        0.0,
        1.701931311128138,
        3.480709424437734,
        2.2560452066525443,
        2.1562063370442153,
        1.4344435930950556,
        0.9416381214224546,
        0.7248726731870014,
        0.5363050434939379,
        0.36033488078604586,
        0.3256467751385947,
        0.278828818677604
      ]
    },
    {
      "label": "A7_M4E14_coalition",
      "c": 4,
      "j": 14,
      "n_z": 3,
      "AARV_sum_over_l": 19.52005679001217,
      "AARV_mean_over_downstream_l": 1.7745506172738337,
      "n_active_tokens_per_l": [
        0,
        0,
        0,
        0,
        0,
        22187,
        22187,
        22187,
        22187,
        22187,
        22187,
        22187,
        22187,
        22187,
        22187,
        22187
      ],
      "AARV_per_l": [
        0.0,
        0.0,
        0.0,
        0.0,
        0.0,
        3.062001397214585,
        4.030265470771172,
        2.9687936629557847,
        2.8585827286248704,
        1.862599720557083,
        1.264479199531257,
        1.1591754180375895,
        0.8158550051832154,
        0.5673705322936855,
        0.5254991661783928,
        0.4054344886645333
      ]
    },
    {
      "label": "C1_M1E9_z_rank50",
      "c": 1,
      "j": 9,
      "n_z": 1,
      "AARV_sum_over_l": 0.030893047908620266,
      "AARV_mean_over_downstream_l": 0.0022066462791871617,
      "n_active_tokens_per_l": [
        0,
        0,
        24338,
        24338,
        24338,
        24338,
        24338,
        24338,
        24338,
        24338,
        24338,
        24338,
        24338,
        24338,
        24338,
        24338
      ],
      "AARV_per_l": [
        0.0,
        0.0,
        0.007791313994576382,
        0.005608513435779439,
        0.003677376941408497,
        0.0029480647547045773,
        0.0023368805982414333,
        0.002609088667926699,
        0.0014688963760374723,
        0.001540800394444901,
        0.0007909442024817159,
        0.0007087681814446545,
        0.00045196811570383764,
        0.00031329608020379653,
        0.0003235680828334292,
        0.0003235680828334292
      ]
    },
    {
      "label": "C2_M14E60_whole",
      "c": 14,
      "j": 60,
      "n_z": 1024,
      "AARV_sum_over_l": 4.399578458834514,
      "AARV_mean_over_downstream_l": 4.399578458834514,
      "n_active_tokens_per_l": [
        0,
        0,
        0,
        0,
        0,
        0,
        0,
        0,
        0,
        0,
        0,
        0,
        0,
        0,
        0,
        18207
      ],
      "AARV_per_l": [
        0.0,
        0.0,
        0.0,
        0.0,
        0.0,
        0.0,
        0.0,
        0.0,
        0.0,
        0.0,
        0.0,
        0.0,
        0.0,
        0.0,
        0.0,
        4.399578458834514
      ]
    },
    {
      "label": "C3_M14E60_z357",
      "c": 14,
      "j": 60,
      "n_z": 1,
      "AARV_sum_over_l": 2.027077497665733,