{
  "raw_sum": {
    "total": 327.0458068847656,
    "n": 1048576,
    "top_100": 0.0022057035812050926,
    "top_0_1pct": 0.011458454154041049,
    "top_1pct": 0.052174629270357854,
    "top_10pct": 0.25438722054316104
  },
  "count_normalized": {
    "total": 43.87281799316406,
    "n": 1048576,
    "top_100": 0.004829852073246526,
    "top_0_1pct": 0.020400014431358814,
    "top_1pct": 0.07222405455144928,
    "top_10pct": 0.2515941228046684
  }
}